group,age_bucket,n,pct
Buyer,<=90d,59,12.770562770562771
Buyer,91-180d,69,14.935064935064934
Buyer,181-365d,268,58.00865800865801
Buyer,>365d,66,14.285714285714285
Non-buyer,<=90d,2936,14.905823221810428
Non-buyer,91-180d,2246,11.402751688074327
Non-buyer,181-365d,8501,43.158856678682035
Non-buyer,>365d,6014,30.532568411433214
