index,first_purchase_cohort,n_buyers,median_days,mean_days
2,Jul 2025 Bootcamp,86,44.0,66.17441860465117
0,Apr 2025 Bootcamp,83,50.0,46.0
4,Sept 2025 Core,97,61.0,76.0721649484536
1,Feb 2026 Core,98,61.5,103.60204081632654
3,Oct 2025 Core,98,75.0,100.42857142857143
