metric,n_broadcasts,lead_magnet_value,non_lead_value,delta_pp,lead_success,lead_total,non_lead_success,non_lead_total,p_value
Value open rate,5,42.394014962593516,42.5,-0.10598503740648368,170,401,765,1800,0.969027853176067
Sales open rate,2,38.82352941176471,14.148857774502579,24.67467163726213,66,170,192,1357,5.790113088776371e-16
Sales CTOR,2,6.0606060606060606,9.375,-3.3143939393939394,4,66,18,192,0.40557557826439017
