metric,category,n_broadcasts,group_a_value,group_b_value,delta_pp,p_value
Value open rate,Value,5,49.55156950672646,63.61180904522613,-14.060239538499673,0.09523809523809523
Sales open rate,Sales,2,12.219730941704036,31.54051507537688,-19.320784133672845,0.3333333333333333
Sales CTOR,Sales,2,2.285930790603688,0.945484860789467,1.3404459298142208,0.3333333333333333
