metric,category,n_broadcasts,lead_magnet_value,existing_value,delta_pp,lead_success,lead_total,existing_success,existing_total,p_value
Value open rate,Value,5,42.394014962593516,39.024054982817866,3.3699599797756505,170,401,2839,7275,0.17839662233742126
Sales open rate,Sales,2,38.82352941176471,9.381443298969073,29.442086112795636,66,170,273,2910,9.055876365402161e-33
Sales CTOR,Sales,2,6.0606060606060606,4.029304029304029,2.0313020313020314,4,66,11,273,0.47144638210715795
